<?xml version="1.0" encoding="UTF-8"?>
<metadata xml:lang="de"><Esri><CreaDate>20180901</CreaDate><CreaTime>14035100</CreaTime><ArcGISFormat>1.0</ArcGISFormat><SyncOnce>FALSE</SyncOnce><DataProperties><lineage><Process ToolSource="c:\program files (x86)\arcgis\desktop10.1\ArcToolbox\Toolboxes\Data Management Tools.tbx\CalculateField" Date="20141112" Time="190438">CalculateField Peru_LCG Id [Id]*20 VB #</Process><Process ToolSource="c:\program files (x86)\arcgis\desktop10.4\ArcToolbox\Toolboxes\Data Management Tools.tbx\Copy" Date="20161207" Time="100202">Copy C:\Hgis\HGISdelasIndias.gdb\LCG C:\Hgis\Hgis_Berechnungen\HGISdelasIndias.gdb\LCG FeatureClass</Process><Process ToolSource="c:\program files (x86)\arcgis\desktop10.4\ArcToolbox\Toolboxes\Data Management Tools.tbx\Copy" Date="20161213" Time="110439">Copy C:\Hgis\HGISdelasIndias.gdb\LCG C:\Hgis\Hgis_Berechnungen\HGISdelasIndias.gdb\LCG FeatureClass</Process><Process ToolSource="c:\program files (x86)\arcgis\desktop10.4\ArcToolbox\Toolboxes\Data Management Tools.tbx\Copy" Date="20161214" Time="102428">Copy C:\Hgis\HGISdelasIndias.gdb\LCG C:\Hgis\Hgis_Berechnungen\HGISdelasIndias.gdb\LCG FeatureClass</Process><Process ToolSource="c:\program files (x86)\arcgis\desktop10.4\ArcToolbox\Toolboxes\Data Management Tools.tbx\Copy" Date="20161227" Time="065906">Copy C:\Hgis\HGISdelasIndias.gdb\LCG C:\Hgis\Hgis_Berechnungen\HGISdelasIndias.gdb\LCG FeatureClass</Process><Process ToolSource="c:\program files (x86)\arcgis\desktop10.4\ArcToolbox\Toolboxes\Data Management Tools.tbx\Copy" Date="20161229" Time="125848">Copy C:\Hgis\HGISdelasIndias.gdb\LCG C:\Hgis\Hgis_Berechnungen\HGISdelasIndias.gdb\LCG FeatureClass</Process><Process ToolSource="c:\program files (x86)\arcgis\desktop10.4\ArcToolbox\Toolboxes\Data Management Tools.tbx\Copy" Date="20170103" Time="083545">Copy C:\Hgis\HGISdelasIndias.gdb\LCG C:\Hgis\Hgis_Berechnungen\HGISdelasIndias.gdb\LCG FeatureClass</Process><Process ToolSource="c:\program files (x86)\arcgis\desktop10.4\ArcToolbox\Toolboxes\Data Management Tools.tbx\Copy" Date="20170118" Time="091257">Copy C:\Hgis\HGISdelasIndias.gdb\LCG C:\Hgis\Hgis_Berechnungen\HGISdelasIndias.gdb\LCG FeatureClass</Process><Process ToolSource="c:\program files (x86)\arcgis\desktop10.4\ArcToolbox\Toolboxes\Data Management Tools.tbx\Copy" Date="20170131" Time="112633">Copy C:\Hgis\HGISdelasIndias.gdb\LCG C:\Hgis\Hgis_Berechnungen\HGISdelasIndias.gdb\LCG FeatureClass</Process><Process ToolSource="c:\program files (x86)\arcgis\desktop10.4\ArcToolbox\Toolboxes\Data Management Tools.tbx\Copy" Date="20170206" Time="093937">Copy C:\Hgis\HGISdelasIndias.gdb\LCG C:\Hgis\Hgis_Berechnungen\HGISdelasIndias.gdb\LCG FeatureClass</Process><Process ToolSource="c:\program files (x86)\arcgis\desktop10.5\ArcToolbox\Toolboxes\Data Management Tools.tbx\Copy" Date="20170227" Time="084428">Copy C:\Hgis\HGISdelasIndias.gdb\LCG C:\Hgis\Hgis_Berechnungen\HGISdelasIndias.gdb\LCG FeatureClass</Process><Process ToolSource="c:\program files (x86)\arcgis\desktop10.5\ArcToolbox\Toolboxes\Data Management Tools.tbx\Copy" Date="20170418" Time="083100">Copy C:\Hgis\HGISdelasIndias.gdb\LCG C:\Hgis\Hgis_Berechnungen\HGISdelasIndias.gdb\LCG FeatureClass</Process><Process ToolSource="c:\program files (x86)\arcgis\desktop10.5\ArcToolbox\Toolboxes\Data Management Tools.tbx\Copy" Date="20170422" Time="163246">Copy C:\Hgis\HGISdelasIndias.gdb\LCG C:\Hgis\Hgis_Berechnungen\HGISdelasIndias.gdb\LCG FeatureClass</Process><Process ToolSource="c:\program files (x86)\arcgis\desktop10.5\ArcToolbox\Toolboxes\Conversion Tools.tbx\FeatureClassToFeatureClass" Date="20170508" Time="124336">FeatureClassToFeatureClass C:\Hgis\HGISdelasIndias.gdb\LCG C:\Hgis LCG.shp # "Name "Name" true true false 50 Text 0 0 ,First,#,C:\Hgis\HGISdelasIndias.gdb\LCG,Name,-1,-1;ILCG_ID "ILCG_ID" true true false 6 Text 0 0 ,First,#,C:\Hgis\HGISdelasIndias.gdb\LCG,ILCG_ID,-1,-1;Province_1 "Province" true true false 50 Text 0 0 ,First,#,C:\Hgis\HGISdelasIndias.gdb\LCG,Province_1,-1,-1;Region "Region" true true false 3 Text 0 0 ,First,#,C:\Hgis\HGISdelasIndias.gdb\LCG,Region,-1,-1;Partido_1 "Partido" true true false 50 Text 0 0 ,First,#,C:\Hgis\HGISdelasIndias.gdb\LCG,Partido_1,-1,-1;Shape_Leng "Shape_Leng" false true true 8 Double 0 0 ,First,#,C:\Hgis\HGISdelasIndias.gdb\LCG,Shape_Length,-1,-1;Shape_Area "Shape_Area" false true true 8 Double 0 0 ,First,#,C:\Hgis\HGISdelasIndias.gdb\LCG,Shape_Area,-1,-1" #</Process><Process ToolSource="c:\program files (x86)\arcgis\desktop10.5\ArcToolbox\Toolboxes\Conversion Tools.tbx\FeatureClassToFeatureClass" Date="20170508" Time="124421">FeatureClassToFeatureClass C:\Hgis\LCG.shp C:\Hgis\HGISdelasIndias.gdb LCG # "Name "Name" true true false 50 Text 0 0 ,First,#,C:\Hgis\LCG.shp,Name,-1,-1;ILCG_ID "ILCG_ID" true true false 6 Text 0 0 ,First,#,C:\Hgis\LCG.shp,ILCG_ID,-1,-1;Province_1 "Province_1" true true false 50 Text 0 0 ,First,#,C:\Hgis\LCG.shp,Province_1,-1,-1;Region "Region" true true false 3 Text 0 0 ,First,#,C:\Hgis\LCG.shp,Region,-1,-1;Partido_1 "Partido_1" true true false 50 Text 0 0 ,First,#,C:\Hgis\LCG.shp,Partido_1,-1,-1;Shape_Leng "Shape_Leng" true true false 19 Double 0 0 ,First,#,C:\Hgis\LCG.shp,Shape_Leng,-1,-1;Shape_Area "Shape_Area" true true false 19 Double 0 0 ,First,#,C:\Hgis\LCG.shp,Shape_Area,-1,-1" #</Process><Process ToolSource="c:\program files (x86)\arcgis\desktop10.5\ArcToolbox\Toolboxes\Cartography Tools.tbx\SimplifyPolygon" Date="20170508" Time="131300">SimplifyPolygon C:\Hgis\HGISdelasIndias.gdb\LCG C:\Hgis\HGISdelasIndias.gdb\LCG_SimplifyPolygon POINT_REMOVE "50 Meters" "0 Unknown" RESOLVE_ERRORS KEEP_COLLAPSED_POINTS #</Process><Process ToolSource="c:\program files (x86)\arcgis\desktop10.5\ArcToolbox\Toolboxes\Data Management Tools.tbx\Copy" Date="20170508" Time="133045">Copy C:\Hgis\HGISdelasIndias.gdb\LCG C:\Hgis\Hgis_Berechnungen\HGISdelasIndias.gdb\LCG FeatureClass</Process><Process ToolSource="c:\program files (x86)\arcgis\desktop10.5\ArcToolbox\Toolboxes\Data Management Tools.tbx\Copy" Date="20170516" Time="095603">Copy C:\Hgis\HGISdelasIndias.gdb\LCG C:\Hgis\Hgis_Berechnungen\HGISdelasIndias.gdb\LCG FeatureClass</Process><Process ToolSource="c:\program files (x86)\arcgis\desktop10.5\ArcToolbox\Toolboxes\Data Management Tools.tbx\Copy" Date="20170523" Time="092037">Copy C:\Hgis\HGISdelasIndias.gdb\LCG C:\Hgis\Hgis_Berechnungen\HGISdelasIndias.gdb\LCG FeatureClass</Process><Process ToolSource="c:\program files (x86)\arcgis\desktop10.5\ArcToolbox\Toolboxes\Data Management Tools.tbx\Copy" Date="20170621" Time="134221">Copy C:\Hgis\HGISdelasIndias.gdb\LCG C:\Hgis\Hgis_Berechnungen\HGISdelasIndias.gdb\LCG FeatureClass</Process><Process ToolSource="c:\program files (x86)\arcgis\desktop10.5\ArcToolbox\Toolboxes\Data Management Tools.tbx\Copy" Date="20170714" Time="121058">Copy C:\Hgis\HGISdelasIndias.gdb\LCG C:\Hgis\Hgis_Berechnungen\HGISdelasIndias.gdb\LCG FeatureClass</Process><Process ToolSource="c:\program files (x86)\arcgis\desktop10.5\ArcToolbox\Toolboxes\Data Management Tools.tbx\Copy" Date="20170718" Time="114414">Copy C:\Hgis\HGISdelasIndias.gdb\LCG C:\Hgis\Hgis_Berechnungen\HGISdelasIndias.gdb\LCG FeatureClass</Process><Process ToolSource="c:\program files (x86)\arcgis\desktop10.5\ArcToolbox\Toolboxes\Data Management Tools.tbx\Copy" Date="20170719" Time="094328">Copy C:\Hgis\HGISdelasIndias.gdb\LCG C:\Hgis\Hgis_Berechnungen\HGISdelasIndias.gdb\LCG FeatureClass</Process><Process ToolSource="c:\program files (x86)\arcgis\desktop10.5\ArcToolbox\Toolboxes\Data Management Tools.tbx\Copy" Date="20170925" Time="085017">Copy C:\Hgis\HGISdelasIndias.gdb\LCG C:\Hgis\Hgis_Berechnungen\HGISdelasIndias.gdb\LCG FeatureClass</Process><Process ToolSource="c:\program files (x86)\arcgis\desktop10.5\ArcToolbox\Toolboxes\Data Management Tools.tbx\Copy" Date="20171030" Time="111200">Copy C:\Hgis\HGISdelasIndias.gdb\LCG C:\Hgis\Hgis_Berechnungen\HGISdelasIndias.gdb\LCG FeatureClass</Process><Process ToolSource="c:\program files (x86)\arcgis\desktop10.5\ArcToolbox\Toolboxes\Data Management Tools.tbx\Copy" Date="20171220" Time="144532">Copy C:\Hgis\HGISdelasIndias.gdb\LCG C:\Hgis\Hgis_Berechnungen\HGISdelasIndias.gdb\LCG FeatureClass</Process><Process ToolSource="c:\program files (x86)\arcgis\desktop10.5\ArcToolbox\Toolboxes\Data Management Tools.tbx\Copy" Date="20180111" Time="171140">Copy C:\Hgis\HGISdelasIndias.gdb\LCG C:\Hgis\Hgis_Berechnungen\HGISdelasIndias.gdb\LCG FeatureClass</Process><Process ToolSource="c:\program files (x86)\arcgis\desktop10.5\ArcToolbox\Toolboxes\Data Management Tools.tbx\Copy" Date="20180122" Time="232715">Copy C:\Hgis\HGISdelasIndias.gdb\LCG C:\Hgis\Hgis_Berechnungen\HGISdelasIndias.gdb\LCG FeatureClass</Process><Process ToolSource="c:\program files (x86)\arcgis\desktop10.5\ArcToolbox\Toolboxes\Data Management Tools.tbx\Copy" Date="20180125" Time="155424">Copy C:\Hgis\HGISdelasIndias.gdb\LCG C:\Hgis\Hgis_Berechnungen\HGISdelasIndias.gdb\LCG FeatureClass</Process><Process ToolSource="c:\program files (x86)\arcgis\desktop10.5\ArcToolbox\Toolboxes\Data Management Tools.tbx\Copy" Date="20180126" Time="000345">Copy C:\Hgis\HGISdelasIndias.gdb\LCG C:\Hgis\Hgis_Berechnungen\HGISdelasIndias.gdb\LCG FeatureClass</Process><Process ToolSource="c:\program files (x86)\arcgis\desktop10.5\ArcToolbox\Toolboxes\Data Management Tools.tbx\Copy" Date="20180217" Time="095930">Copy C:\Hgis\HGISdelasIndias.gdb\LCG C:\Hgis\Hgis_Berechnungen\HGISdelasIndias.gdb\LCG FeatureClass</Process><Process ToolSource="c:\program files (x86)\arcgis\desktop10.5\ArcToolbox\Toolboxes\Data Management Tools.tbx\Copy" Date="20180221" Time="102940">Copy C:\Hgis\HGISdelasIndias.gdb\LCG C:\Hgis\Hgis_Berechnungen\HGISdelasIndias.gdb\LCG FeatureClass</Process><Process ToolSource="c:\program files (x86)\arcgis\desktop10.5\ArcToolbox\Toolboxes\Data Management Tools.tbx\Copy" Date="20180222" Time="214207">Copy C:\Hgis\HGISdelasIndias.gdb\LCG C:\Hgis\Hgis_Berechnungen\HGISdelasIndias.gdb\LCG FeatureClass</Process><Process ToolSource="c:\program files (x86)\arcgis\desktop10.5\ArcToolbox\Toolboxes\Data Management Tools.tbx\Copy" Date="20180223" Time="112752">Copy C:\Hgis\HGISdelasIndias.gdb\LCG C:\Hgis\Hgis_Berechnungen\HGISdelasIndias.gdb\LCG FeatureClass</Process><Process ToolSource="c:\program files (x86)\arcgis\desktop10.5\ArcToolbox\Toolboxes\Data Management Tools.tbx\Copy" Date="20180225" Time="000833">Copy C:\Hgis\HGISdelasIndias.gdb\LCG C:\Hgis\Hgis_Berechnungen\HGISdelasIndias.gdb\LCG FeatureClass</Process><Process ToolSource="c:\program files (x86)\arcgis\desktop10.5\ArcToolbox\Toolboxes\Data Management Tools.tbx\Copy" Date="20180318" Time="173248">Copy C:\Hgis\HGISdelasIndias.gdb\LCG C:\Hgis\Hgis_Berechnungen\HGISdelasIndias.gdb\LCG FeatureClass</Process><Process ToolSource="c:\program files (x86)\arcgis\desktop10.5\ArcToolbox\Toolboxes\Data Management Tools.tbx\Copy" Date="20180424" Time="102942">Copy C:\Hgis\HGISdelasIndias.gdb\LCG C:\Hgis\Hgis_Berechnungen\HGISdelasIndias.gdb\LCG FeatureClass</Process><Process ToolSource="c:\program files (x86)\arcgis\desktop10.5\ArcToolbox\Toolboxes\Data Management Tools.tbx\Copy" Date="20180426" Time="220827">Copy C:\Hgis\HGISdelasIndias.gdb\LCG C:\Hgis\Hgis_Berechnungen\HGISdelasIndias.gdb\LCG FeatureClass</Process><Process ToolSource="c:\program files (x86)\arcgis\desktop10.5\ArcToolbox\Toolboxes\Data Management Tools.tbx\Copy" Date="20180503" Time="203926">Copy C:\Hgis\HGISdelasIndias.gdb\LCG C:\Hgis\Hgis_Berechnungen\HGISdelasIndias.gdb\LCG FeatureClass</Process><Process ToolSource="c:\program files (x86)\arcgis\desktop10.5\ArcToolbox\Toolboxes\Data Management Tools.tbx\Copy" Date="20180528" Time="111646">Copy C:\Hgis\HGISdelasIndias.gdb\LCG C:\Hgis\Hgis_Berechnungen\HGISdelasIndias.gdb\LCG FeatureClass</Process><Process ToolSource="c:\program files (x86)\arcgis\desktop10.5\ArcToolbox\Toolboxes\Data Management Tools.tbx\Copy" Date="20180603" Time="133855">Copy C:\Hgis\HGISdelasIndias.gdb\LCG C:\Hgis\Hgis_Berechnungen\HGISdelasIndias.gdb\LCG FeatureClass</Process><Process ToolSource="c:\program files (x86)\arcgis\desktop10.5\ArcToolbox\Toolboxes\Data Management Tools.tbx\Dissolve" Date="20180901" Time="134821">Dissolve LCG C:\Users\Werner\Documents\ArcGIS\Default.gdb\LCG_Dissolve1 Partido_1 # MULTI_PART DISSOLVE_LINES</Process></lineage><itemProps><itemLocation><linkage Sync="TRUE">file://\\DESKTOP-GVKUJ1H\C$\Users\Werner\Documents\ArcGIS\Default.gdb</linkage><protocol Sync="TRUE">Local Area Network</protocol></itemLocation><itemName Sync="TRUE">LCG_Dissolve1</itemName><imsContentType Sync="TRUE">002</imsContentType><itemSize Sync="TRUE">0.000</itemSize></itemProps><coordRef><type Sync="TRUE">Geographic</type><geogcsn Sync="TRUE">GCS_WGS_1984</geogcsn><csUnits Sync="TRUE">Angular Unit: Degree (0.017453)</csUnits><peXml Sync="TRUE">&lt;GeographicCoordinateSystem xsi:type='typens:GeographicCoordinateSystem' xmlns:xsi='http://www.w3.org/2001/XMLSchema-instance' xmlns:xs='http://www.w3.org/2001/XMLSchema' xmlns:typens='http://www.esri.com/schemas/ArcGIS/10.5'&gt;&lt;WKT&gt;GEOGCS[&amp;quot;GCS_WGS_1984&amp;quot;,DATUM[&amp;quot;D_WGS_1984&amp;quot;,SPHEROID[&amp;quot;WGS_1984&amp;quot;,6378137.0,298.257223563]],PRIMEM[&amp;quot;Greenwich&amp;quot;,0.0],UNIT[&amp;quot;Degree&amp;quot;,0.0174532925199433],AUTHORITY[&amp;quot;EPSG&amp;quot;,4326]]&lt;/WKT&gt;&lt;XOrigin&gt;-400&lt;/XOrigin&gt;&lt;YOrigin&gt;-400&lt;/YOrigin&gt;&lt;XYScale&gt;1111948722.2222221&lt;/XYScale&gt;&lt;ZOrigin&gt;-100000&lt;/ZOrigin&gt;&lt;ZScale&gt;10000&lt;/ZScale&gt;&lt;MOrigin&gt;-100000&lt;/MOrigin&gt;&lt;MScale&gt;10000&lt;/MScale&gt;&lt;XYTolerance&gt;8.983152841195215e-009&lt;/XYTolerance&gt;&lt;ZTolerance&gt;0.001&lt;/ZTolerance&gt;&lt;MTolerance&gt;0.001&lt;/MTolerance&gt;&lt;HighPrecision&gt;true&lt;/HighPrecision&gt;&lt;LeftLongitude&gt;-180&lt;/LeftLongitude&gt;&lt;WKID&gt;4326&lt;/WKID&gt;&lt;LatestWKID&gt;4326&lt;/LatestWKID&gt;&lt;/GeographicCoordinateSystem&gt;</peXml></coordRef></DataProperties><SyncDate>20180901</SyncDate><SyncTime>13480500</SyncTime><ModDate>20180901</ModDate><ModTime>13480500</ModTime><ArcGISstyle>ISO 19139 Metadata Implementation Specification</ArcGISstyle></Esri><dataIdInfo><envirDesc Sync="TRUE"> Version 6.2 (Build 9200) ; Esri ArcGIS 10.5.0.6491</envirDesc><dataLang><languageCode value="deu" Sync="TRUE"></languageCode><countryCode value="AUT" Sync="TRUE"></countryCode></dataLang><idCitation><resTitle Sync="TRUE">LCG_Dissolve1</resTitle><presForm><PresFormCd value="005" Sync="TRUE"></PresFormCd></presForm></idCitation><spatRpType><SpatRepTypCd value="001" Sync="TRUE"></SpatRepTypCd></spatRpType></dataIdInfo><mdLang><languageCode value="deu" Sync="TRUE"></languageCode><countryCode value="AUT" Sync="TRUE"></countryCode></mdLang><distInfo><distFormat><formatName Sync="TRUE">File Geodatabase Feature Class</formatName></distFormat><distTranOps><transSize Sync="TRUE">0.000</transSize></distTranOps></distInfo><mdHrLv><ScopeCd value="005" Sync="TRUE"></ScopeCd></mdHrLv><mdHrLvName Sync="TRUE">dataset</mdHrLvName><refSysInfo><RefSystem><refSysID><identCode code="4326" Sync="TRUE"></identCode><idCodeSpace Sync="TRUE">EPSG</idCodeSpace><idVersion Sync="TRUE">6.14(3.0.1)</idVersion></refSysID></RefSystem></refSysInfo><spatRepInfo><VectSpatRep><geometObjs Name="LCG_Dissolve1"><geoObjTyp><GeoObjTypCd value="002" Sync="TRUE"></GeoObjTypCd></geoObjTyp><geoObjCnt Sync="TRUE">0</geoObjCnt></geometObjs><topLvl><TopoLevCd value="001" Sync="TRUE"></TopoLevCd></topLvl></VectSpatRep></spatRepInfo><spdoinfo><ptvctinf><esriterm Name="LCG_Dissolve1"><efeatyp Sync="TRUE">Simple</efeatyp><efeageom code="4" Sync="TRUE"></efeageom><esritopo Sync="TRUE">FALSE</esritopo><efeacnt Sync="TRUE">0</efeacnt><spindex Sync="TRUE">TRUE</spindex><linrefer Sync="TRUE">FALSE</linrefer></esriterm></ptvctinf></spdoinfo><eainfo><detailed Name="LCG_Dissolve1"><enttyp><enttypl Sync="TRUE">LCG_Dissolve1</enttypl><enttypt Sync="TRUE">Feature Class</enttypt><enttypc Sync="TRUE">0</enttypc></enttyp><attr><attrlabl Sync="TRUE">OBJECTID</attrlabl><attalias Sync="TRUE">OBJECTID</attalias><attrtype Sync="TRUE">OID</attrtype><attwidth Sync="TRUE">4</attwidth><atprecis Sync="TRUE">0</atprecis><attscale Sync="TRUE">0</attscale><attrdef Sync="TRUE">Internal feature number.</attrdef><attrdefs Sync="TRUE">Esri</attrdefs><attrdomv><udom Sync="TRUE">Sequential unique whole numbers that are automatically generated.</udom></attrdomv></attr><attr><attrlabl Sync="TRUE">Shape</attrlabl><attalias Sync="TRUE">Shape</attalias><attrtype Sync="TRUE">Geometry</attrtype><attwidth Sync="TRUE">0</attwidth><atprecis Sync="TRUE">0</atprecis><attscale Sync="TRUE">0</attscale><attrdef Sync="TRUE">Feature geometry.</attrdef><attrdefs Sync="TRUE">Esri</attrdefs><attrdomv><udom Sync="TRUE">Coordinates defining the features.</udom></attrdomv></attr><attr><attrlabl Sync="TRUE">Partido_1</attrlabl><attalias Sync="TRUE">Partido</attalias><attrtype Sync="TRUE">String</attrtype><attwidth Sync="TRUE">50</attwidth><atprecis Sync="TRUE">0</atprecis><attscale Sync="TRUE">0</attscale></attr><attr><attrlabl Sync="TRUE">Shape_Length</attrlabl><attalias Sync="TRUE">Shape_Length</attalias><attrtype Sync="TRUE">Double</attrtype><attwidth Sync="TRUE">8</attwidth><atprecis Sync="TRUE">0</atprecis><attscale Sync="TRUE">0</attscale><attrdef Sync="TRUE">Length of feature in internal units.</attrdef><attrdefs Sync="TRUE">Esri</attrdefs><attrdomv><udom Sync="TRUE">Positive real numbers that are automatically generated.</udom></attrdomv></attr><attr><attrlabl Sync="TRUE">Shape_Area</attrlabl><attalias Sync="TRUE">Shape_Area</attalias><attrtype Sync="TRUE">Double</attrtype><attwidth Sync="TRUE">8</attwidth><atprecis Sync="TRUE">0</atprecis><attscale Sync="TRUE">0</attscale><attrdef Sync="TRUE">Area of feature in internal units squared.</attrdef><attrdefs Sync="TRUE">Esri</attrdefs><attrdomv><udom Sync="TRUE">Positive real numbers that are automatically generated.</udom></attrdomv></attr></detailed></eainfo><mdDateSt Sync="TRUE">20180901</mdDateSt></metadata>
